Name,Set code,Set name,Collector number,Foil,Rarity,Quantity,ManaBox ID,Scryfall ID,Purchase price,Misprint,Altered,Condition,Language,Purchase price currency
Emergence Zone,WAR,War of the Spark,245,normal,uncommon,2,44159,ab95f6e7-b806-47fe-a071-6c38b3176d94,2.13,false,false,near_mint,en,USD
Gateway Plaza,WAR,War of the Spark,246,normal,common,2,44158,81d69cf2-8643-4926-857e-febbd54d870f,0.07,false,false,near_mint,en,USD
Azorius Guildgate,RNA,Ravnica Allegiance,243,normal,common,6,43622,93cf5412-c711-41b4-ab3b-7788a0a22228,0.05,false,false,near_mint,en,USD
Azorius Guildgate,RNA,Ravnica Allegiance,244,normal,common,3,43621,e52013ba-9b17-497b-a844-1e7eb5607019,0.07,false,false,near_mint,en,USD
Azorius Chancery,GK2,RNA Guild Kit,25,normal,uncommon,4,43996,eed7cbd5-c462-40c3-8a79-ce5e95561116,0.2,false,false,near_mint,en,USD
Island,M19,Core Set 2019,265,normal,common,5,1047,91890c11-b139-474d-b12d-6afd6b7e6aee,0.06,false,false,near_mint,en,USD
Island,M19,Core Set 2019,268,normal,common,5,1044,e3a0c382-23c4-44a5-a689-1f65fed388b7,0.11,false,false,near_mint,en,USD
Plains,M19,Core Set 2019,264,normal,common,5,1048,3645e11b-6b46-44c0-9741-f70da15692d1,0.07,false,false,near_mint,en,USD
Plains,M19,Core Set 2019,263,normal,common,5,1049,1859ba05-06bc-4e80-8c0b-fd2475c6ca55,0.1,false,false,near_mint,en,USD
Depose // Deploy,RNA,Ravnica Allegiance,225,normal,uncommon,1,43640,ab0ba4ef-9e82-4177-a80f-8fa6f6a5bd60,0.08,false,false,near_mint,en,USD
Warrant // Warden,RNA,Ravnica Allegiance,230,normal,rare,1,43635,0070651d-79aa-4ea6-b703-6ecd3528b548,0.12,false,false,near_mint,en,USD
Azorius Signet,GK2,RNA Guild Kit,24,normal,uncommon,1,43997,37063666-e5e1-4ef0-ac34-2ae47b323dde,0.38,false,false,near_mint,en,USD
Shield of the Realm,DOM,Dominaria,228,normal,uncommon,1,2048,7207edf8-8534-4982-969f-df97febcb9fc,0.09,false,false,near_mint,en,USD
Dramatic Rescue,GK2,RNA Guild Kit,12,normal,common,1,44009,416e6241-72c6-4d6d-b839-d96c35695b9d,0.13,false,false,near_mint,en,USD
Azorius Charm,GK2,RNA Guild Kit,8,normal,uncommon,1,44013,a0653bda-a9de-4d4d-ab95-21458b31c652,0.35,false,false,near_mint,en,USD
Azorius Keyrune,GK2,RNA Guild Kit,23,normal,uncommon,1,43998,d3e9e7be-598a-4353-8a7e-350837a7c0a0,0.27,false,false,near_mint,en,USD
Dovin's Acuity,RNA,Ravnica Allegiance,168,normal,uncommon,2,43697,0b191592-7221-422a-8b5a-65f7b1caec1a,0.09,false,false,near_mint,en,USD
Detention Sphere,GK2,RNA Guild Kit,10,normal,rare,1,44011,74de5ed5-eab0-44ff-aa9a-077d487f1b5e,0.46,false,false,near_mint,en,USD
Render Silent,GK2,RNA Guild Kit,18,normal,rare,1,44003,d286f664-86e9-4d5a-8cd0-e162cb7d9791,2.12,false,false,near_mint,en,USD
Sphinx's Insight,RNA,Ravnica Allegiance,209,normal,common,6,43656,d71c2435-0312-4279-a9e1-fab7432756b7,0.04,false,false,near_mint,en,USD
Sphinx's Revelation,GK2,RNA Guild Kit,21,normal,mythic,1,44000,c2bbfb5c-f922-4af3-8326-de09bb1599ed,1.26,false,false,near_mint,en,USD
Dovescape,GK2,RNA Guild Kit,11,normal,rare,1,44010,e2bd6ecd-a786-4c83-99c5-50515a691417,1.65,false,false,near_mint,en,USD
God-Pharaoh's Statue,WAR,War of the Spark,238,normal,uncommon,1,44166,7dce06ba-c1e1-45ec-82a7-fc10b0fa8870,0.65,false,false,near_mint,en,USD
Pride of the Clouds,GK2,RNA Guild Kit,17,normal,rare,1,44004,48e6b67f-ebf5-4413-9417-ed45a576a390,1.37,false,false,near_mint,en,USD
Azorius Guildmage,GK2,RNA Guild Kit,9,normal,uncommon,1,44012,3dc24fbf-6a61-404d-8944-9659f3f5f0a4,0.43,false,false,near_mint,en,USD
Senate Guildmage,RNA,Ravnica Allegiance,204,normal,uncommon,3,43661,913b3a2a-e3fd-4095-ab2a-5e356ea179df,0.08,false,false,near_mint,en,USD
"Dovin, Hand of Control",WAR,War of the Spark,229,normal,uncommon,3,44175,bd6ff745-919b-4688-9e9e-ab7835b3b891,0.16,false,false,near_mint,en,USD
Lyev Skyknight,GK2,RNA Guild Kit,16,normal,uncommon,1,44005,a2d9670e-e994-40ca-b59d-567d5d0d9de3,0.15,false,false,near_mint,en,USD
Deputy of Detention,RNA,Ravnica Allegiance,165,normal,rare,1,43700,7e362055-78a1-48fa-a4ef-6cf7e0b21b14,0.21,false,false,near_mint,en,USD
Senate Griffin,RNA,Ravnica Allegiance,219,normal,common,4,43646,465adbb4-4c64-44eb-8323-61d23282c6b8,0.04,false,false,near_mint,en,USD
Skymark Roc,GK2,RNA Guild Kit,20,normal,uncommon,1,44001,6359a633-dd81-47ad-a4fb-bf5c5fda06a9,0.2,false,false,near_mint,en,USD
Sphinx of New Prahv,RNA,Ravnica Allegiance,208,normal,uncommon,1,43657,d9aec56e-50a3-491f-89c6-32907ea3161a,0.06,false,false,near_mint,en,USD
Lavinia of the Tenth,GK2,RNA Guild Kit,15,normal,rare,1,44006,c31e25f7-cc27-4f72-a314-1cf7971a2fbc,0.36,false,false,near_mint,en,USD
Isperia the Inscrutable,GK2,RNA Guild Kit,13,normal,rare,1,44008,0ca226e3-e392-4c7c-88f0-14e6e3bd17ad,0.26,false,false,near_mint,en,USD
Azorius Knight-Arbiter,RNA,Ravnica Allegiance,154,normal,common,2,43711,60befc28-2ab8-4b59-a33f-0328c5d2f995,0.08,false,false,near_mint,en,USD
Windreaver,GK2,RNA Guild Kit,22,normal,rare,1,43999,09be20e5-58f1-40ea-a89d-437f46588a6d,0.17,false,false,near_mint,en,USD
Sky Hussar,GK2,RNA Guild Kit,19,normal,uncommon,1,44002,0c1d833f-2158-4f54-b161-b55c313d613a,0.14,false,false,near_mint,en,USD
"Isperia, Supreme Judge",GK2,RNA Guild Kit,1,foil,mythic,1,43564,ff875d47-b46e-481e-8fba-cc90870483e0,0.56,false,false,near_mint,en,USD
Azorius Skyguard,RNA,Ravnica Allegiance,155,normal,uncommon,2,43710,c2fddecd-e660-43de-bccc-52f60a089052,0.08,false,false,near_mint,en,USD
"Ugin, the Ineffable",WAR,War of the Spark,2,normal,rare,1,44402,7b003521-3da3-41bf-9765-36630653f902,0.87,false,false,near_mint,en,USD
Archon of the Triumvirate,GK2,RNA Guild Kit,7,normal,rare,1,44014,2e56c62d-34b4-4394-81bc-e86fe76f9c73,0.14,false,false,near_mint,en,USD
Gate Colossus,RNA,Ravnica Allegiance,232,normal,uncommon,2,43633,99767e2f-a558-4d63-b9b6-923d15b433e1,0.06,false,false,near_mint,en,USD
Sphinx,TRNA,Ravnica Allegiance Tokens,9,normal,common,1,43583,f82ba894-7b10-45ae-9322-60ef85a2869d,0.06,false,false,near_mint,en,USD
Thopter,TM19,Core Set 2019 Tokens,14,normal,common,1,901,d0044cd9-2136-423e-aa2a-829e8f007535,0.13,false,false,near_mint,en,USD
Thopter,TRNA,Ravnica Allegiance Tokens,11,normal,common,5,43581,8dd768c3-f278-41f8-b329-8403391d6326,0.14,false,false,near_mint,en,USD
Island,M19,Core Set 2019,267,normal,common,5,1045,42044efb-b6a8-46c3-90dc-b7a745e819e5,0.06,false,false,near_mint,en,USD
Island,M19,Core Set 2019,266,normal,common,5,1046,54c33392-c382-4e8b-812e-8b2c64cdbe8e,0.13,false,false,near_mint,en,USD
Bird,TGK2,RNA Guild Kit Tokens,1,normal,common,5,43901,a813c741-d0d4-48cd-9bbf-8a04a544ce8e,1.06,false,false,near_mint,en,USD
Plains,M19,Core Set 2019,262,normal,common,5,1050,b2715553-ba9c-4753-9a1f-d13d8e2ed24f,0.06,false,false,near_mint,en,USD
Plains,M19,Core Set 2019,261,normal,common,5,1051,0b1b55c1-d74b-4688-a3b8-8480d99524c7,0.07,false,false,near_mint,en,USD
Plains,GK2,RNA Guild Kit,26,normal,common,8,43563,19ce3b11-18de-4250-a405-8e731882dfd4,0.44,false,false,near_mint,en,USD
Island,GK2,RNA Guild Kit,27,normal,common,8,43562,ac28037a-461b-4fb3-9feb-d3eb739da995,0.51,false,false,near_mint,en,USD
Island,DOM,Dominaria,254,normal,common,1,2022,0ce67a27-aa80-46ac-955a-8fea336995d9,0.09,false,false,near_mint,en,USD
Mountain,M19,Core Set 2019,275,normal,common,5,1037,fedbe1f9-b29f-4bdd-9718-615b7c2413b4,0.09,false,false,near_mint,en,USD
Swamp,M19,Core Set 2019,271,normal,common,5,1041,8808d9dd-70c0-46ff-bd9c-dd60240dd121,0.1,false,false,near_mint,en,USD
Swamp,M19,Core Set 2019,272,normal,common,5,1040,fd7f974d-2634-4fc7-aa4e-bfeb6f3169ea,0.14,false,false,near_mint,en,USD
Mountain,M19,Core Set 2019,273,normal,common,5,1039,71f2030b-f622-4cc3-ac83-258ae3645fd6,0.08,false,false,near_mint,en,USD
Mountain,M19,Core Set 2019,274,normal,common,5,1038,6457f78b-aca6-4ebf-9e89-bf9321ceb35d,0.07,false,false,near_mint,en,USD
Forest,M19,Core Set 2019,278,normal,common,5,1034,c1e46627-3cf3-4aca-97ba-80f9e919608c,0.09,false,false,near_mint,en,USD
Swamp,M19,Core Set 2019,269,normal,common,5,1043,2bfe9801-b683-45d9-924c-6734110816bf,0.08,false,false,near_mint,en,USD
Forest,M19,Core Set 2019,279,normal,common,5,1033,32df22d3-9b65-4b43-80d9-e4c43575ec74,0.07,false,false,near_mint,en,USD
Swamp,M19,Core Set 2019,270,normal,common,5,1042,430341f3-7dd5-4161-96a2-e76350699b66,0.07,false,false,near_mint,en,USD
Mountain,M19,Core Set 2019,276,normal,common,5,1036,bb4004c8-c3d9-494e-a257-6d8443cbf1b7,0.08,false,false,near_mint,en,USD
Forest,M19,Core Set 2019,280,normal,common,5,1032,ea3cc8ba-ab54-46d3-9c3a-91678fd8d381,0.09,false,false,near_mint,en,USD
Forest,M19,Core Set 2019,277,normal,common,5,1035,b52ff177-bafe-4e0a-a6c3-2cf012b1319f,0.1,false,false,near_mint,en,USD
House Guildmage,GRN,Guilds of Ravnica,177,normal,uncommon,1,306,45ee7bc8-d5cf-47b1-93c2-7e1d5f536c85,0.15,false,false,near_mint,en,USD
"Etrata, the Silencer",GRN,Guilds of Ravnica,170,normal,rare,1,313,fa36b142-e67e-49da-9080-c5994e275266,0.76,false,false,near_mint,en,USD
Rhizome Lurcher,GRN,Guilds of Ravnica,196,normal,common,1,287,db9ce92b-79cc-4e26-b511-30ae8ea6a2a1,0.06,false,false,near_mint,en,USD
Glowspore Shaman,GRN,Guilds of Ravnica,173,normal,uncommon,1,310,08fe260a-d204-4e75-b3e5-0cd9b4ca7084,0.05,false,false,near_mint,en,USD
Golgari Findbroker,GRN,Guilds of Ravnica,175,normal,uncommon,1,308,e12bd0e5-db96-4340-9b04-6855fd0fd8b9,0.15,false,false,near_mint,en,USD
Golgari Locket,GRN,Guilds of Ravnica,237,normal,common,1,246,1c2e7843-9a87-46cb-be06-6db58649db85,0.12,false,false,near_mint,en,USD
"Slimefoot, the Stowaway",DOM,Dominaria,205,normal,uncommon,1,2071,e8815cd9-7032-445a-aebc-cfc19bd51ee4,0.13,false,false,near_mint,en,USD
Undercity Uprising,GRN,Guilds of Ravnica,210,normal,common,1,273,7e1e08bf-a5d6-48bb-9f7f-4711f9ec88d7,0.06,false,false,near_mint,en,USD
Rosemane Centaur,GRN,Guilds of Ravnica,197,normal,common,1,286,cee30585-f7b1-4ca4-8171-dc5a837f2b93,0.03,false,false,near_mint,en,USD
Selesnya Locket,GRN,Guilds of Ravnica,240,normal,common,1,243,ea0c04b9-c7fc-4204-9af2-5d1987bdd97e,0.07,false,false,near_mint,en,USD
Worldsoul Colossus,GRN,Guilds of Ravnica,215,normal,uncommon,1,268,b5186304-b0fb-44a6-ba61-0265b7f42da4,0.07,false,false,near_mint,en,USD
Conclave Cavalier,GRN,Guilds of Ravnica,161,normal,uncommon,1,322,b658a309-d14c-4e20-8c76-e7b3c5156bf2,0.06,false,false,near_mint,en,USD
Join Shields,GRN,Guilds of Ravnica,181,normal,uncommon,1,302,91898d8a-589d-43db-8dc4-0ec6a3bd6d49,0.1,false,false,near_mint,en,USD
Growth Spiral,RNA,Ravnica Allegiance,178,normal,common,1,43687,7c77a6b1-ef06-4da5-8e86-a5204216cb77,0.21,false,false,near_mint,en,USD
Simic Locket,RNA,Ravnica Allegiance,240,normal,common,1,43625,29c65978-e5b0-428e-aace-f99768ca6106,0.07,false,false,near_mint,en,USD
"Kiora, Behemoth Beckoner",WAR,War of the Spark,232,normal,uncommon,1,44172,7a61b1a6-a75f-47b0-b215-de9708b6d773,0.87,false,false,near_mint,en,USD
Sharktocrab,RNA,Ravnica Allegiance,206,normal,uncommon,1,43659,e0f31228-0c47-4c51-932d-50fdec965f15,0.09,false,false,near_mint,en,USD
Biomancer's Familiar,RNA,Ravnica Allegiance,158,normal,rare,1,43707,d38c9891-36d1-4565-9c4a-1cd9dbf8c048,0.65,false,false,near_mint,en,USD
Zhur-Taa Goblin,RNA,Ravnica Allegiance,215,normal,uncommon,1,43650,13070db2-cf89-4552-8b6c-76426274321a,0.09,false,false,near_mint,en,USD
Sunder Shaman,RNA,Ravnica Allegiance,210,normal,uncommon,1,43655,9bb6a8bb-9eec-4f9b-a5a8-604631e4b823,0.06,false,false,near_mint,en,USD
Gruul Locket,RNA,Ravnica Allegiance,234,normal,common,1,43631,1ec78880-a8ec-4c87-bc3f-e2a79d154884,0.07,false,false,near_mint,en,USD
Savage Smash,RNA,Ravnica Allegiance,203,normal,common,1,43662,4ca942d7-a3a3-429f-a159-fc2363d9bca6,0.02,false,false,near_mint,en,USD
Clan Guildmage,RNA,Ravnica Allegiance,162,normal,uncommon,1,43703,34a18415-015c-4d3f-8042-b156a673e125,0.04,false,false,near_mint,en,USD
Truefire Captain,GRN,Guilds of Ravnica,209,normal,uncommon,1,274,6099a230-9298-4649-b257-243af40d0625,0.08,false,false,near_mint,en,USD
Boros Challenger,GRN,Guilds of Ravnica,156,normal,uncommon,1,327,545f3a30-7984-4046-8a14-51bc9cbc3fe0,0.06,false,false,near_mint,en,USD
Boros Locket,GRN,Guilds of Ravnica,231,normal,common,1,252,5e972d97-0df2-44e4-8ff2-cc8707316dc1,0.09,false,false,near_mint,en,USD
Skyknight Legionnaire,GRN,Guilds of Ravnica,198,normal,common,1,285,3c27f2ce-702a-4ec2-a470-982171a9ec73,0.03,false,false,near_mint,en,USD
Footlight Fiend,RNA,Ravnica Allegiance,216,normal,common,1,43649,8c604697-5c81-4329-9b16-f19bd90ba08c,0.04,false,false,near_mint,en,USD
Rakdos Firewheeler,RNA,Ravnica Allegiance,197,normal,uncommon,1,43668,d819a944-0b3e-4e26-87da-2417081928e7,0.06,false,false,near_mint,en,USD
Hackrobat,RNA,Ravnica Allegiance,181,normal,uncommon,1,43684,a41335c2-3d11-4f95-8d9f-66b04398c10b,0.04,false,false,near_mint,en,USD
Dimir Guildgate,GRN,Guilds of Ravnica,246,normal,common,1,237,3694ac90-e71e-4736-8945-7dbf5b5fd6a9,0.1,false,false,near_mint,en,USD
Dimir Guildgate,GRN,Guilds of Ravnica,245,normal,common,2,238,b7129bdf-de02-4ed2-b5de-f774b8a7d302,0.08,false,false,near_mint,en,USD
Orzhov Guildgate,RNA,Ravnica Allegiance,253,normal,common,1,43612,f7046b5e-622f-4ae8-9ddd-709ccd61000e,0.1,false,false,near_mint,en,USD
Orzhov Guildgate,RNA,Ravnica Allegiance,253,normal,common,1,43612,f7046b5e-622f-4ae8-9ddd-709ccd61000e,0.1,false,false,near_mint,en,USD
Selesnya Guildgate,GRN,Guilds of Ravnica,256,normal,common,1,227,ee1db693-5dd9-48de-8520-014d9ad5b596,0.07,false,false,near_mint,en,USD
Selesnya Guildgate,GRN,Guilds of Ravnica,255,normal,common,1,228,6d5ee7a5-937a-4c2b-af8c-6e5734677c53,0.06,false,false,near_mint,en,USD
Golgari Guildgate,GRN,Guilds of Ravnica,249,normal,common,1,234,f0a021e9-b11a-4028-86c9-01b62eae1877,0.08,false,false,near_mint,en,USD
Golgari Guildgate,GRN,Guilds of Ravnica,248,normal,common,1,235,86706d8e-de08-4778-94ba-ae75ed522472,0.07,false,false,near_mint,en,USD
Foul Orchard,M19,Core Set 2019,251,normal,common,1,1061,6b28e1e1-0813-4e4a-a7a7-058b7787272c,0.08,false,false,near_mint,en,USD
Simic Guildgate,RNA,Ravnica Allegiance,257,normal,common,1,43608,6e73e082-b16a-45d5-bc4a-24c694b0b9af,0.07,false,false,near_mint,en,USD
Izzet Guildgate,GRN,Guilds of Ravnica,252,normal,common,1,231,fc36bb2a-115d-4e24-a1e9-02b21773e945,0.06,false,false,near_mint,en,USD
Izzet Guildgate,GRN,Guilds of Ravnica,251,normal,common,1,232,2055a83a-99c8-4808-90b9-1c2fdcda79b4,0.1,false,false,near_mint,en,USD
Gruul Guildgate,RNA,Ravnica Allegiance,249,normal,common,1,43616,33d10573-1695-4a73-b92d-d478572b85ec,0.1,false,false,near_mint,en,USD
Gruul Guildgate,RNA,Ravnica Allegiance,250,normal,common,1,43615,8fffd445-de4f-45de-95b9-6e0855926a6a,0.08,false,false,near_mint,en,USD
Boros Guildgate,GRN,Guilds of Ravnica,244,normal,common,1,239,95f52d32-c04b-4711-9edc-8fd1d3547a44,0.06,false,false,near_mint,en,USD
Boros Guildgate,GRN,Guilds of Ravnica,243,normal,common,1,240,c52ceefc-90d0-49d1-ae54-9a4eab819849,0.07,false,false,near_mint,en,USD
Rakdos Guildgate,RNA,Ravnica Allegiance,255,normal,common,1,43610,26f7e55d-d4c9-4755-ab87-a592ba3fb64f,0.08,false,false,near_mint,en,USD
Blood Crypt,RNA,Ravnica Allegiance,245,normal,rare,1,43620,5faba6c8-3463-47c1-ba01-09eb87fcb2d5,13.68,false,false,near_mint,en,USD
Rakdos Guildgate,RNA,Ravnica Allegiance,256,normal,common,2,43609,d88b90fa-a7f1-4739-a507-d22dede9384f,0.08,false,false,near_mint,en,USD
Simic Guildgate,RNA,Ravnica Allegiance,258,normal,common,2,43607,62537433-3c49-417d-89ef-c12d5288bb6f,0.06,false,false,near_mint,en,USD
Frilled Mystic,RNA,Ravnica Allegiance,174,normal,uncommon,2,43691,50595d02-edad-48a6-b10c-6fa859cc88bb,0.06,false,false,near_mint,en,USD
Tower Defense,RNA,Ravnica Allegiance,147,normal,uncommon,1,43718,195e94a4-a698-4c66-9428-5cc8a40d42c6,0.1,false,false,near_mint,en,USD
Saruli Caretaker,RNA,Ravnica Allegiance,139,normal,common,1,43726,ef3358cb-714c-49bf-b7e9-a69d02d7799e,0.1,false,false,near_mint,en,USD
Stony Strength,RNA,Ravnica Allegiance,143,normal,common,1,43722,8bbab274-69dd-44a9-9310-a15779c35cad,0.04,false,false,near_mint,en,USD
The Mending of Dominaria,DOM,Dominaria,173,normal,rare,1,2103,0d5e4d9a-34e1-46eb-814b-8e3bd4475b8a,0.26,false,false,near_mint,en,USD
Mammoth Spider,RNA,Ravnica Allegiance,132,normal,common,1,43733,9a684871-ff6e-4474-82da-30757c324c73,0.04,false,false,near_mint,en,USD
Centaur Courser,M19,Core Set 2019,171,normal,common,1,1141,bae6eb55-4bf9-4418-b667-a9a761f91ef9,0.02,false,false,near_mint,en,USD
Plummet,M19,Core Set 2019,193,normal,common,1,1119,78a29ddb-fc76-407a-aa58-ec92d011bd44,0.15,false,false,near_mint,en,USD
District Guide,GRN,Guilds of Ravnica,128,normal,uncommon,2,355,c150deec-3287-40ef-9b9c-c22bf5d70b02,0.15,false,false,near_mint,en,USD
Urban Utopia,GRN,Guilds of Ravnica,146,normal,common,1,337,45d7ab0e-db37-4051-86dd-3ab09c047a2b,0.06,false,false,near_mint,en,USD
Wild Ceratok,GRN,Guilds of Ravnica,150,normal,common,1,333,4464e11a-c5b9-40ea-8be0-dab29d14e289,0.03,false,false,near_mint,en,USD
Mammoth Spider,RNA,Ravnica Allegiance,132,normal,common,3,43733,9a684871-ff6e-4474-82da-30757c324c73,0.04,false,false,near_mint,en,USD
Lava Coil,GRN,Guilds of Ravnica,108,normal,uncommon,1,375,f6135cf4-50c2-4e44-b9b0-96e1187a2200,0.17,false,false,near_mint,en,USD
Clamor Shaman,RNA,Ravnica Allegiance,96,normal,uncommon,1,43768,b3f073d7-f60a-44c1-aec9-cf42bbdb3153,0.1,false,false,near_mint,en,USD
Goblin Banneret,GRN,Guilds of Ravnica,102,normal,uncommon,1,381,90b3b56c-5236-4319-b17e-5f71143a7906,0.06,false,false,near_mint,en,USD
Skewer the Critics,RNA,Ravnica Allegiance,115,normal,common,1,43750,97295660-6bea-46ae-9a3b-0fc6abba407f,0.14,false,false,near_mint,en,USD
Maximize Velocity,GRN,Guilds of Ravnica,111,normal,common,1,372,ebb7a2aa-f002-4f05-b9ec-8adee4c65e46,0.03,false,false,near_mint,en,USD
Burn Bright,RNA,Ravnica Allegiance,93,normal,common,1,43771,b8574ffd-3e72-41de-90bf-69363189f047,0.02,false,false,near_mint,en,USD
Rubblebelt Recluse,RNA,Ravnica Allegiance,111,normal,common,1,43754,2faac11b-4ece-4537-aa55-c2d0afa41786,0.03,false,false,near_mint,en,USD
Shivan Dragon,M19,Core Set 2019,300,normal,rare,1,1012,d389b8db-5866-4146-a379-f24b6463622b,0.13,false,false,near_mint,en,USD
Rix Maadi Reveler,RNA,Ravnica Allegiance,109,normal,rare,1,43756,c40396da-18e2-42ca-a78c-4838a38f68b8,0.1,false,false,near_mint,en,USD
Cavalcade of Calamity,RNA,Ravnica Allegiance,95,normal,uncommon,1,43769,8a81e889-490b-4aeb-8e84-ea9a390bb8fe,0.15,false,false,near_mint,en,USD
Light Up the Stage,RNA,Ravnica Allegiance,107,normal,uncommon,1,43495,9287b848-2aeb-4c70-ac4a-acafb871b7a4,0.16,false,false,near_mint,en,USD
Ghor-Clan Wrecker,RNA,Ravnica Allegiance,103,normal,common,1,43761,4da3969c-1979-4eee-828a-4a7189121eba,0.02,false,false,near_mint,en,USD
Spear Spewer,RNA,Ravnica Allegiance,117,normal,common,1,43748,dbee1daa-b4ba-49ee-bed1-e70fa09942a2,0.12,false,false,near_mint,en,USD
Storm Strike,RNA,Ravnica Allegiance,119,normal,common,1,43746,8de24cba-545a-438b-9516-1c19a50ca78c,0.02,false,false,near_mint,en,USD
Feral Maaka,RNA,Ravnica Allegiance,100,normal,common,1,43764,3c969aa0-b0e5-42cd-abba-0a3c7266142c,0.03,false,false,near_mint,en,USD
Keldon Raider,DOM,Dominaria,135,normal,common,1,2141,f1245212-d081-4e95-a508-e1d3a7496473,0.02,false,false,near_mint,en,USD
Warlord's Fury,DOM,Dominaria,151,normal,common,1,2125,0ebd63cf-7e8c-4c8d-844d-98535d5f3039,0.16,false,false,near_mint,en,USD
"Lathliss, Dragon Queen",M19,Core Set 2019,149,normal,rare,1,1163,54a4c37d-5eeb-42c9-9688-c2ed0d5044cd,0.91,false,false,near_mint,en,USD
Shock,M19,Core Set 2019,156,normal,common,1,1156,bf5a0e1e-5239-41f3-a63f-d9303b1b01fc,0.06,false,false,near_mint,en,USD
Goblin Instigator,M19,Core Set 2019,142,normal,common,1,1170,90cef94d-d941-4e08-afec-a116626b74fb,0.18,false,false,near_mint,en,USD
Spikewheel Acrobat,RNA,Ravnica Allegiance,118,normal,common,1,43747,58f70b8a-62ec-4ae6-97d2-3c6ae86a3602,0.04,false,false,near_mint,en,USD
Price of Fame,GRN,Guilds of Ravnica,83,normal,uncommon,1,400,61b52152-0f7c-4466-9e49-033477028f67,0.12,false,false,near_mint,en,USD
Whispering Snitch,GRN,Guilds of Ravnica,90,normal,uncommon,1,393,fa4ca97e-b402-4a73-9c70-79ec4565a39c,0.09,false,false,near_mint,en,USD
Cry of the Carnarium,RNA,Ravnica Allegiance,70,normal,uncommon,1,43794,715a14a3-046e-45ca-b943-dd630e5202b7,0.06,false,false,near_mint,en,USD
Electrostatic Field,GRN,Guilds of Ravnica,97,normal,uncommon,2,386,7096c9a6-2e73-41f8-b20a-b29a9f0b760c,1.01,false,false,near_mint,en,USD
Fire Urchin,GRN,Guilds of Ravnica,101,normal,common,2,382,b3a843ff-6bd0-42d5-9348-44b774d438b1,0.02,false,false,near_mint,en,USD
Goblin Gathering,RNA,Ravnica Allegiance,104,normal,common,5,43760,147bef05-4497-44d5-9dd6-fb5dc08e78f7,0.06,false,false,near_mint,en,USD
Orzhov Enforcer,RNA,Ravnica Allegiance,79,normal,uncommon,1,43785,6a72b49e-be14-485b-a467-31cbac9aa1c5,0.06,false,false,near_mint,en,USD
Dead Revels,RNA,Ravnica Allegiance,71,normal,common,1,43793,f5b2c21a-419d-4896-82e3-1b5cb32b158e,0.05,false,false,near_mint,en,USD
Dead Weight,GRN,Guilds of Ravnica,67,normal,common,2,416,a1a81554-50d4-4fe0-bf0d-5304f215d19e,0.04,false,false,near_mint,en,USD
Moodmark Painter,GRN,Guilds of Ravnica,78,normal,common,1,405,82903e5f-c10f-4767-a2c0-6f8cc7280fa0,0.02,false,false,near_mint,en,USD
Blade Juggler,RNA,Ravnica Allegiance,63,normal,common,3,43801,099bc474-e656-4167-b105-3a3a36c0b23e,0.07,false,false,near_mint,en,USD
Carrion Imp,RNA,Ravnica Allegiance,66,normal,common,1,43798,958caf1d-b159-4c27-8248-00c345f880be,0.02,false,false,near_mint,en,USD
Spinal Centipede,GRN,Guilds of Ravnica,86,normal,common,1,397,74d579fb-615a-43a6-a1c1-c535087abf2a,0.06,false,false,near_mint,en,USD
Barrier of Bones,GRN,Guilds of Ravnica,61,normal,common,1,422,28129aaf-aaff-47f4-8dd2-8c576c55052c,0.07,false,false,near_mint,en,USD
Gravewaker,M19,Core Set 2019,293,normal,rare,1,1019,ee347d62-867e-40c2-bf4a-0ac2f627e24c,0.11,false,false,near_mint,en,USD
Consign to the Pit,RNA,Ravnica Allegiance,69,normal,common,1,43795,09991fad-4282-4a17-bfb1-03eaa13502df,0.03,false,false,near_mint,en,USD
Thirsting Shade,RNA,Ravnica Allegiance,87,normal,common,1,43777,a920c2e6-4a1f-487c-ad3f-b772443f0633,0.04,false,false,near_mint,en,USD
The Eldest Reborn,DOM,Dominaria,90,normal,uncommon,1,2186,c8318f40-ecd5-429e-8fe2-febf31f64841,0.32,false,false,near_mint,en,USD
Fungal Infection,DOM,Dominaria,94,normal,common,1,2182,a3f6baa5-666d-40b0-82e8-b0df10ff3cdd,0.08,false,false,near_mint,en,USD
Drudge Sentinel,DOM,Dominaria,89,normal,common,1,2187,9764a718-1748-4c2a-925c-370e22003b62,0.05,false,false,near_mint,en,USD
Blood Divination,M19,Core Set 2019,86,normal,uncommon,1,1226,6fe72bd9-825e-4451-9314-826882f75c85,0.07,false,false,near_mint,en,USD
Duress,M19,Core Set 2019,94,normal,common,1,1218,b433b9fc-69fc-4a57-a16b-f1afd3033b56,0.12,false,false,near_mint,en,USD
Burglar Rat,GRN,Guilds of Ravnica,64,normal,common,1,419,e9f7f218-fd2a-4233-8753-065ddc314f2d,0.06,false,false,near_mint,en,USD
Child of Night,GRN,Guilds of Ravnica,65,normal,common,1,418,afebf1a5-eb9a-48c6-a26a-55b75408992b,0.06,false,false,near_mint,en,USD
Orzhov Racketeers,RNA,Ravnica Allegiance,80,normal,uncommon,1,43784,29b89f68-72ba-493d-95c4-eb37751fbd3d,0.06,false,false,near_mint,en,USD
Noxious Groodion,RNA,Ravnica Allegiance,78,normal,common,1,43786,b6cb3d78-1a60-4e9b-b387-afeb58677536,0.02,false,false,near_mint,en,USD
Izzet Locket,GRN,Guilds of Ravnica,238,normal,common,1,245,348f3bec-ad16-4bc7-8da9-3956c9900f95,0.09,false,false,near_mint,en,USD
Beacon Bolt,GRN,Guilds of Ravnica,154,normal,uncommon,1,329,39c9e4b5-364b-4c0b-bb47-266563a6abf2,0.15,false,false,near_mint,en,USD
Goblin Electromancer,GRN,Guilds of Ravnica,174,normal,common,1,309,0ae987da-e4b5-4b82-843c-6aaa87262fc8,0.11,false,false,near_mint,en,USD
Crackling Drake,GRN,Guilds of Ravnica,163,normal,uncommon,1,320,f00fa3a7-e3e2-4b23-a126-a076e75b5dbd,0.11,false,false,near_mint,en,USD
Get the Point,RNA,Ravnica Allegiance,176,normal,common,1,43689,821c4ab5-eb75-445a-bbec-e50af54dba7a,0.03,false,false,near_mint,en,USD
Mortify,RNA,Ravnica Allegiance,192,normal,uncommon,1,43673,ebf6c0dc-5c7b-4170-99bc-2637ea44e716,0.18,false,false,near_mint,en,USD
Pitiless Pontiff,RNA,Ravnica Allegiance,194,normal,uncommon,1,43671,98f66c03-cf79-4de0-be55-b921cbdc5038,0.11,false,false,near_mint,en,USD
Orzhov Locket,RNA,Ravnica Allegiance,236,normal,common,1,43629,761e7188-bad1-4775-84a2-15da9a42a57c,0.08,false,false,near_mint,en,USD
Imperious Oligarch,RNA,Ravnica Allegiance,184,normal,common,1,43681,fd27ba9e-5b9c-468f-9a44-bf2e89138e72,0.04,false,false,near_mint,en,USD
Final Payment,RNA,Ravnica Allegiance,171,normal,common,1,43694,49a21a8f-9c7b-4ae8-8635-f2ee2151c8de,0.05,false,false,near_mint,en,USD
"Kaya, Bane of the Dead",WAR,War of the Spark,231,normal,uncommon,2,44173,a9b575d3-f3f9-4ff4-8e5c-da7c2ec69882,0.08,false,false,near_mint,en,USD
Dimir Locket,GRN,Guilds of Ravnica,234,normal,common,1,249,dfb6810b-9bc9-43c5-8cd9-817b12ee3110,0.09,false,false,near_mint,en,USD
Whisper Agent,GRN,Guilds of Ravnica,220,normal,common,1,263,f6d318e7-f49e-49f8-98b6-d62c34aa4af2,0.04,false,false,near_mint,en,USD
Dimir Spybug,GRN,Guilds of Ravnica,166,normal,uncommon,1,317,7c18c450-0bfb-4ba6-9212-b5833fce63a2,0.04,false,false,near_mint,en,USD
Rakdos Locket,RNA,Ravnica Allegiance,237,normal,common,2,43628,4fd60d9b-2282-4b32-9bff-efb2bcf87d22,0.14,false,false,near_mint,en,USD
"Narset, Parter of Veils",WAR,War of the Spark,61,normal,uncommon,1,44343,8c39f9b4-02b9-4d44-b8d6-4fd02ebbb0c5,0.58,false,false,near_mint,en,USD
Augur of Bolas,WAR,War of the Spark,41,normal,uncommon,2,44363,d19fbfe6-69bb-452a-be3c-b9c625e23193,0.19,false,false,near_mint,en,USD
Spark Double,WAR,War of the Spark,68,normal,rare,1,44336,bb8a103c-b776-4501-9441-a45b90391045,5.58,false,false,near_mint,en,USD
Ashiok's Skulker,WAR,War of the Spark,40,normal,common,2,44364,7dd5b0a1-104d-4e0f-82de-65487fbf01ff,0.04,false,false,near_mint,en,USD
Rescuer Sphinx,WAR,War of the Spark,65,normal,uncommon,3,44339,00ba9fa2-bfd2-4dc7-b96d-d22a8886a6ae,0.03,false,false,near_mint,en,USD
Aven Eternal,WAR,War of the Spark,42,normal,common,2,44362,fe479484-a827-4d3c-8e35-e905e4f6664a,0.06,false,false,near_mint,en,USD
Relentless Advance,WAR,War of the Spark,64,normal,common,2,44340,4258e242-91c6-4b30-86ec-7759705aa97c,0.04,false,false,near_mint,en,USD
Wall of Runes,WAR,War of the Spark,75,normal,common,2,44329,96613089-3508-429a-9f90-23168d56bbe7,0.07,false,false,near_mint,en,USD
Totally Lost,WAR,War of the Spark,74,normal,common,3,44330,adffef78-f776-42d3-ab40-3347c8e5c88b,0.03,false,false,near_mint,en,USD
Naga Eternal,WAR,War of the Spark,60,normal,common,2,44344,0f244233-f2e8-48f8-9106-e7cd186efd51,0.06,false,false,near_mint,en,USD
Erratic Visionary,WAR,War of the Spark,48,normal,common,2,44356,03188bc3-0ef1-40cd-9c3c-4bb4d806fb92,0.03,false,false,near_mint,en,USD
Spellkeeper Weird,WAR,War of the Spark,69,normal,common,1,44335,74e42dad-5958-443f-a196-12b3f3e44213,0.13,false,false,near_mint,en,USD
Eternal Skylord,WAR,War of the Spark,49,normal,uncommon,1,44355,f5aacfc9-1d45-4250-9abc-698d8941699f,0.11,false,false,near_mint,en,USD
Tamiyo's Epiphany,WAR,War of the Spark,71,normal,common,1,44333,ce338cf3-46dc-4c87-8df5-af27097c7dd4,0.08,false,false,near_mint,en,USD
Lazotep Plating,WAR,War of the Spark,59,normal,uncommon,1,44345,f03b5405-6016-405b-a504-a454731b9276,0.46,false,false,near_mint,en,USD
Kiora's Dambreaker,WAR,War of the Spark,58,normal,common,2,44346,acd61fb0-a82b-4f46-8043-c6b89764720b,0.06,false,false,near_mint,en,USD
Eyes Everywhere,RNA,Ravnica Allegiance,38,normal,uncommon,1,43826,1fdbf073-3ee6-402b-bd40-4781f40a6cae,0.04,false,false,near_mint,en,USD
Faerie Duelist,RNA,Ravnica Allegiance,39,normal,common,3,43825,a7da9c9b-aeef-4f48-bc8f-39425841cc8c,0.05,false,false,near_mint,en,USD
Arrester's Admonition,RNA,Ravnica Allegiance,31,normal,common,3,43833,637c2d6a-e6b8-4dc5-81aa-da1b7384e006,0.05,false,false,near_mint,en,USD
Persistent Petitioners,RNA,Ravnica Allegiance,44,normal,common,1,43820,e93f0c57-eb80-4dde-bdb0-326970491621,0.78,false,false,near_mint,en,USD
Swirling Torrent,RNA,Ravnica Allegiance,56,normal,uncommon,1,43808,8dbb3d2f-4ee4-46e2-98aa-4aa388bd5375,0.02,false,false,near_mint,en,USD
Senate Courier,RNA,Ravnica Allegiance,50,normal,common,2,43814,da8dc5c8-4eb7-4e41-8431-b41251f7814e,0.04,false,false,near_mint,en,USD
Rescue,DOM,Dominaria,63,normal,common,1,2213,08050607-b558-4f99-b716-bbbab54e9b68,0.05,false,false,near_mint,en,USD
Arcane Flight,DOM,Dominaria,43,normal,common,1,2233,09fbb1c0-ba57-4a5a-8ad6-77fbc6aeeec9,0.08,false,false,near_mint,en,USD
Befuddle,DOM,Dominaria,45,normal,common,1,2231,88858285-23ac-4d7e-b8dd-a20982d95a2d,0.03,false,false,near_mint,en,USD
Totally Lost,M19,Core Set 2019,81,normal,common,1,1231,05f0b6ce-eb70-4f42-9360-c7d09f48a5c5,0.04,false,false,near_mint,en,USD
Dwindle,M19,Core Set 2019,53,normal,common,1,1259,cb38f190-30f0-49ca-99c3-d3cdf21075e8,0.03,false,false,near_mint,en,USD
Divination,M19,Core Set 2019,51,normal,common,1,1261,cb3b35b8-f321-46d8-a441-6b9a6efa9021,0.05,false,false,near_mint,en,USD
Disdainful Stroke,GRN,Guilds of Ravnica,37,normal,common,1,446,0193dfa3-8409-44be-b4be-6c3cad42d4a4,0.11,false,false,near_mint,en,USD
Dazzling Lights,GRN,Guilds of Ravnica,34,normal,common,1,449,a9d4639a-b634-469e-a848-35e3a3dfd47e,0.03,false,false,near_mint,en,USD
"Ugin, the Ineffable",WAR,War of the Spark,2,normal,rare,1,44402,7b003521-3da3-41bf-9765-36630653f902,0.87,false,false,near_mint,en,USD
Mana Geode,WAR,War of the Spark,241,normal,common,3,44163,17315a12-a7f8-45ba-ac3b-a62c789e75d0,0.16,false,false,near_mint,en,USD
Prismite,WAR,War of the Spark,242,normal,common,3,44162,40475e96-0283-445f-97fb-1da008707399,0.03,false,false,near_mint,en,USD
Saheeli's Silverwing,WAR,War of the Spark,243,normal,common,2,44161,dba77c07-5d23-4a1a-90a0-b8293848d637,0.02,false,false,near_mint,en,USD
Bond of Insight,WAR,War of the Spark,43,normal,uncommon,4,44361,648629af-e911-49e1-b564-c98f339b84a1,0.24,false,false,near_mint,en,USD
Jace's Triumph,WAR,War of the Spark,55,normal,uncommon,4,44349,4924f177-5ee2-4d3f-9603-4b9aef4dac09,0.07,false,false,near_mint,en,USD
Sage's Row Savant,RNA,Ravnica Allegiance,49,normal,common,2,43815,d573626b-e7fa-4c31-a3d4-b853adfe787e,0.02,false,false,near_mint,en,USD
No Escape,WAR,War of the Spark,63,normal,common,4,44341,bc9888a1-6f35-4802-b8fb-902017736d4a,0.03,false,false,near_mint,en,USD
Wall of Lost Thoughts,RNA,Ravnica Allegiance,59,normal,uncommon,2,43805,03a0a627-ea7a-48bb-bf30-60b2677dd8ae,0.11,false,false,near_mint,en,USD
Flux Channeler,WAR,War of the Spark,52,normal,uncommon,3,44352,c6202e82-e159-482f-9224-292cb533171c,1.27,false,false,near_mint,en,USD
Prying Eyes,RNA,Ravnica Allegiance,46,normal,common,3,43818,11ee2c64-68f1-434b-8092-ae80d6575666,0.02,false,false,near_mint,en,USD
Sky Theater Strix,WAR,War of the Spark,67,normal,common,4,44337,98902dd9-f21c-4419-8205-4b9d6592bf28,0.07,false,false,near_mint,en,USD
"Kasmina, Enigmatic Mentor",WAR,War of the Spark,56,normal,uncommon,3,44348,c77d9454-a78c-4063-ad66-46b2f5a030aa,0.24,false,false,near_mint,en,USD
Callous Dismissal,WAR,War of the Spark,44,normal,common,4,44360,66cef326-339c-49e5-9905-21a1603a46ae,0.07,false,false,near_mint,en,USD
Kasmina's Transmutation,WAR,War of the Spark,57,normal,common,3,44347,a9771412-695a-4e89-b146-0e3a7336d319,0.03,false,false,near_mint,en,USD
Contentious Plan,WAR,War of the Spark,46,normal,common,2,44358,8e30deb6-9e1f-4545-ae30-c30ba6c7b3a0,0.41,false,false,near_mint,en,USD
Ugin's Conjurant,WAR,War of the Spark,3,normal,uncommon,3,44401,9957ecca-5ea0-446f-bfd3-46c2aaa42f08,0.1,false,false,near_mint,en,USD
Firemind Vessel,WAR,War of the Spark,237,normal,uncommon,2,44167,ec0ebb6b-d35a-47db-8071-7fef2a46c17b,0.17,false,false,near_mint,en,USD
Scrabbling Claws,RNA,Ravnica Allegiance,238,normal,uncommon,1,43627,67b06cb5-5e74-456f-81b1-fced1346cc47,0.1,false,false,near_mint,en,USD
Screaming Shield,RNA,Ravnica Allegiance,239,normal,uncommon,1,43626,ebb42a80-0442-4850-b0e7-41182d5633ff,0.08,false,false,near_mint,en,USD
Gargoyle Sentinel,M19,Core Set 2019,236,normal,uncommon,1,1076,381e9f97-9655-4f41-9829-4ac26c2ed6ac,0.05,false,false,near_mint,en,USD
Marauder's Axe,M19,Core Set 2019,240,normal,common,1,1072,a2ca16ee-e415-4270-a453-47111d07a07f,0.03,false,false,near_mint,en,USD
Circuitous Route,GRN,Guilds of Ravnica,125,normal,uncommon,1,358,5a970429-6369-4422-a343-00b30267f09d,0.49,false,false,near_mint,en,USD
Trollbred Guardian,RNA,Ravnica Allegiance,148,normal,uncommon,1,43717,8e3e51f6-7091-4cf3-86a3-b8c5946f3796,0.15,false,false,near_mint,en,USD
Golgari Raiders,GRN,Guilds of Ravnica,130,normal,uncommon,1,353,37284ba8-441c-4cf6-95c6-6a0f52e6d36d,0.05,false,false,near_mint,en,USD
Prey Upon,GRN,Guilds of Ravnica,143,normal,common,2,340,16979827-4011-454a-9886-18326cfa3e77,0.05,false,false,near_mint,en,USD
Open the Gates,RNA,Ravnica Allegiance,133,normal,common,1,43732,ff326c57-accb-4b75-9bc9-b5ef1a85f38d,0.19,false,false,near_mint,en,USD
Siege Wurm,GRN,Guilds of Ravnica,144,normal,common,1,339,2d1dfd96-8e17-4ba8-b786-a5cc0ae2ff2d,0.06,false,false,near_mint,en,USD
Rampaging Rendhorn,RNA,Ravnica Allegiance,135,normal,common,1,43730,12c1b820-0f06-41f6-804f-5c98f60c1529,0.05,false,false,near_mint,en,USD
Territorial Boar,RNA,Ravnica Allegiance,145,normal,common,1,43720,5e9ddae7-7e7c-46c7-ad7d-9a686c256b9d,0.05,false,false,near_mint,en,USD
Ironshell Beetle,GRN,Guilds of Ravnica,134,normal,common,1,349,57f8b6b0-f858-41d5-9839-fd1247b9477f,0.03,false,false,near_mint,en,USD
Aggressive Mammoth,M19,Core Set 2019,302,normal,rare,1,1010,323f3c76-5e79-43e6-ae78-f555810edbc3,0.32,false,false,near_mint,en,USD
Gideon's Triumph,WAR,War of the Spark,15,normal,uncommon,3,44389,d6610c6a-717f-406e-a49d-b6e548880946,0.04,false,false,near_mint,en,USD
Gideon's Sacrifice,WAR,War of the Spark,14,normal,common,1,44390,849c79ad-8bfc-4512-ab41-f213b6b285ab,0.09,false,false,near_mint,en,USD
Rally of Wings,WAR,War of the Spark,27,normal,uncommon,1,44377,f043642d-35fe-4ea9-a1d3-78ddfdddeaf4,0.16,false,false,near_mint,en,USD
Battlefield Promotion,WAR,War of the Spark,5,normal,common,2,44399,89f8e970-b90c-4829-8970-0a3364027bbb,0.05,false,false,near_mint,en,USD
Bond of Discipline,WAR,War of the Spark,6,normal,uncommon,5,44398,bb7c78bb-9f2a-47a4-adc4-b497bb38f46f,0.13,false,false,near_mint,en,USD
Topple the Statue,WAR,War of the Spark,35,normal,common,3,44369,2829fa40-92e4-4017-aacd-9d9feae04aa2,0.02,false,false,near_mint,en,USD
Ironclad Krovod,WAR,War of the Spark,19,normal,common,3,44385,afb16895-6542-405e-9793-154ffc439f23,0.02,false,false,near_mint,en,USD
Enforcer Griffin,WAR,War of the Spark,11,normal,common,5,44393,e4d6d488-01df-4d61-92ff-9881838b4018,0.02,false,false,near_mint,en,USD
Grateful Apparition,WAR,War of the Spark,17,normal,uncommon,4,44387,7dcb1f9d-105d-48c6-bd66-d7e8839de9e1,0.13,false,false,near_mint,en,USD
Ajani's Pridemate,WAR,War of the Spark,4,normal,uncommon,5,44400,b3656310-093d-4724-a399-7f7010843b1f,0.11,false,false,near_mint,en,USD
Sunblade Angel,WAR,War of the Spark,31,normal,uncommon,5,44373,9211c0e1-b314-495f-9c43-9a0e95c9efb9,0.08,false,false,near_mint,en,USD
Bulwark Giant,WAR,War of the Spark,7,normal,common,2,44397,11510817-edb3-40d4-bd27-6161fedadd11,0.03,false,false,near_mint,en,USD
Loxodon Sergeant,WAR,War of the Spark,21,normal,common,3,44383,c57f873b-5fb2-4638-b66c-f6d1aec156ba,0.01,false,false,near_mint,en,USD
"Teyo, the Shieldmage",WAR,War of the Spark,32,normal,uncommon,3,44372,a974571c-d8d5-4860-9077-2023e5f32a24,0.21,false,false,near_mint,en,USD
Teyo's Lightshield,WAR,War of the Spark,33,normal,common,2,44371,dfffe235-98b1-43db-9461-1b2da5f0690e,0.04,false,false,near_mint,en,USD
Law-Rune Enforcer,WAR,War of the Spark,20,normal,common,3,44384,a3d39238-e21d-4345-84c8-648ef3a66703,0.04,false,false,near_mint,en,USD
The Wanderer,WAR,War of the Spark,37,normal,uncommon,3,44367,d0f0e463-9eed-4348-af7c-fde5f0d8188c,0.26,false,false,near_mint,en,USD
Sentinel's Mark,RNA,Ravnica Allegiance,20,normal,uncommon,2,43844,e6f4f661-ee4b-4fa5-99c4-106731d117ce,0.08,false,false,near_mint,en,USD
Civic Stalwart,RNA,Ravnica Allegiance,6,normal,common,2,43858,aa981489-4301-43f6-b1d7-2aa42e00cf75,0.05,false,false,near_mint,en,USD
Summary Judgment,RNA,Ravnica Allegiance,24,normal,common,4,43840,c0b20fec-8373-4c6c-b3c1-ee7cff64dd37,0.03,false,false,near_mint,en,USD
Sky Tether,RNA,Ravnica Allegiance,21,normal,uncommon,2,43843,39c47be3-0228-46de-b4b5-911fb86d4596,0.04,false,false,near_mint,en,USD
Watchful Giant,RNA,Ravnica Allegiance,30,normal,common,2,43834,61a38f24-1eb3-4914-be1f-0b5f6d4b09d5,0.02,false,false,near_mint,en,USD
Prowling Caracal,RNA,Ravnica Allegiance,17,normal,common,2,43847,c5382fc4-3384-449e-a83f-43a59158d55b,0.05,false,false,near_mint,en,USD
Archway Angel,RNA,Ravnica Allegiance,3,normal,uncommon,2,43861,b209d219-b946-4226-a8b4-65a5f3837fac,0.05,false,false,near_mint,en,USD
Pegasus Courser,DOM,Dominaria,29,normal,common,1,2247,35263639-f09d-429f-bd99-09cfdee668e8,0.06,false,false,near_mint,en,USD
Knight of New Benalia,DOM,Dominaria,24,normal,common,1,2252,88c50c4b-a2c8-4cdc-a171-aa3ff9ef107f,0.03,false,false,near_mint,en,USD
Knightly Valor,M19,Core Set 2019,20,normal,uncommon,1,1292,366ab022-967d-48ff-a1f9-4bd642dba1ae,0.06,false,false,near_mint,en,USD
Dwarven Priest,M19,Core Set 2019,11,normal,common,1,1301,7e1e0f13-35a6-4a5e-8666-47bc5c275be7,0.06,false,false,near_mint,en,USD
Ledev Guardian,GRN,Guilds of Ravnica,18,normal,common,1,465,cbeb4ae3-2a7a-44e1-923b-20c772fd1b8b,0.03,false,false,near_mint,en,USD
Justiciar's Portal,RNA,Ravnica Allegiance,13,normal,common,2,43851,1df611df-3490-4b07-8034-6da9a0122a81,0.1,false,false,near_mint,en,USD
Twilight Panther,RNA,Ravnica Allegiance,28,normal,common,1,43836,5fb149cc-74ca-4bc3-8efc-10ce872b59fb,0.04,false,false,near_mint,en,USD
Murmuring Mystic,GRN,Guilds of Ravnica,45,normal,uncommon,1,438,5fc6adff-dcb3-456d-a8c2-0e77b784ff89,0.34,false,false,near_mint,en,USD
Pteramander,RNA,Ravnica Allegiance,47,normal,uncommon,1,43817,280f2a85-1900-460b-a768-164fc2dea636,0.08,false,false,near_mint,en,USD
Shimmer of Possibility,RNA,Ravnica Allegiance,51,normal,common,1,43813,76e3092d-2422-438c-b5dd-bf8eca33a76e,0.07,false,false,near_mint,en,USD
Watcher in the Mist,GRN,Guilds of Ravnica,59,normal,common,1,424,fb971f49-8898-444a-a17c-caeb1696c62a,0.05,false,false,near_mint,en,USD
Leapfrog,GRN,Guilds of Ravnica,42,normal,common,1,441,2e415a03-f7f8-4fca-954a-ef21b4a2c60f,0.04,false,false,near_mint,en,USD
Chemister's Insight,GRN,Guilds of Ravnica,32,normal,uncommon,1,451,0e13a295-0d51-4b56-8c58-0896eb41c567,0.07,false,false,near_mint,en,USD
Sinister Sabotage,GRN,Guilds of Ravnica,54,normal,uncommon,1,429,6cbef36d-7170-424f-8fb1-8e7e112b7f0b,0.06,false,false,near_mint,en,USD
Riddlemaster Sphinx,M19,Core Set 2019,287,normal,rare,1,1025,037f6792-ab41-4bcd-a0a3-a4af4a801eb7,0.1,false,false,near_mint,en,USD
Sphinx of Foresight,RNA,Ravnica Allegiance,55,normal,rare,1,43809,cf2386fd-edc0-4731-8f4e-7a7c45548bf3,0.27,false,false,near_mint,en,USD
Hover Barrier,GK2,RNA Guild Kit,6,normal,uncommon,1,44015,bae2761b-b34a-45ce-8822-deff1c86e55c,0.87,false,false,near_mint,en,USD
Chillbringer,RNA,Ravnica Allegiance,33,normal,common,1,43831,158547fa-7313-4e77-949f-afc68ebfb022,0.02,false,false,near_mint,en,USD
Clear the Mind,RNA,Ravnica Allegiance,34,normal,common,1,43830,a7da6982-9e57-41d2-a052-f2a3bb646436,0.09,false,false,near_mint,en,USD
Essence Capture,RNA,Ravnica Allegiance,37,normal,uncommon,1,43827,ce137910-0f0e-4f94-9b95-6e0eeeba164e,0.12,false,false,near_mint,en,USD
Mesmerizing Benthid,RNA,Ravnica Allegiance,43,normal,mythic,1,43821,5bed7c69-1302-4c1a-b410-b4e6c4ef4c0c,0.63,false,false,near_mint,en,USD
Court Hussar,GK2,RNA Guild Kit,5,normal,uncommon,1,44016,23d81636-a550-4e16-94b4-6cb1318e06d2,0.32,false,false,near_mint,en,USD
Stealth Mission,WAR,War of the Spark,70,normal,common,1,44334,7ddfd4f5-7fe1-4a22-9a85-bd9b75b16380,0.05,false,false,near_mint,en,USD
Commence the Endgame,WAR,War of the Spark,45,normal,rare,1,44359,209d70a2-c8c1-4072-ab1f-57804b55a09a,0.23,false,false,near_mint,en,USD
Thought Collapse,RNA,Ravnica Allegiance,57,normal,common,2,43807,948b569b-6341-418b-99b5-f79dfb3fe8dd,0.16,false,false,near_mint,en,USD
Rising Populace,WAR,War of the Spark,29,normal,common,8,44375,edcacc28-aacf-4d40-b8cc-f8c028380340,0.03,false,false,near_mint,en,USD
Prison Realm,WAR,War of the Spark,26,normal,uncommon,4,44378,d476e8e5-2377-464b-b2d5-a3cd66ee2e45,0.05,false,false,near_mint,en,USD
Windstorm Drake,RNA,Ravnica Allegiance,60,normal,uncommon,2,43804,120aa3b3-d358-4df3-be39-9b7ce926673a,0.09,false,false,near_mint,en,USD
Martyr for the Cause,WAR,War of the Spark,23,normal,common,6,44381,acfbc8ca-a574-461e-92ea-c6010daa8230,0.09,false,false,near_mint,en,USD
Quench,RNA,Ravnica Allegiance,48,normal,common,3,43816,ee0ba01b-de96-4f8f-9405-ff3ad288afac,0.04,false,false,near_mint,en,USD
Trusted Pegasus,WAR,War of the Spark,36,normal,common,6,44368,89bbcaf5-80e9-43f2-b470-de6cbed6a95a,0.04,false,false,near_mint,en,USD
Spirit of the Spires,RNA,Ravnica Allegiance,23,normal,uncommon,5,43841,dbd11910-58e2-4233-a18c-e97413126597,0.08,false,false,near_mint,en,USD
Rally to Battle,RNA,Ravnica Allegiance,18,normal,uncommon,1,43846,d0798546-1ef4-485e-b094-cba12a12c67c,0.05,false,false,near_mint,en,USD
Resolute Watchdog,RNA,Ravnica Allegiance,19,normal,uncommon,1,43845,56d86909-b7f3-4a46-9904-e173853b79f1,0.2,false,false,near_mint,en,USD
Azorius Herald,GK2,RNA Guild Kit,2,normal,uncommon,1,44019,525dcef8-a5dc-49ca-819b-296611f70e63,0.15,false,false,near_mint,en,USD
Arrester's Zeal,RNA,Ravnica Allegiance,4,normal,common,2,43860,b075a6f2-5196-45e9-b062-f131f7b1a347,0.04,false,false,near_mint,en,USD
Concordia Pegasus,RNA,Ravnica Allegiance,7,normal,common,1,43857,8a7fdf7b-022c-4900-9344-9b13d41c1604,0.05,false,false,near_mint,en,USD
"Tomik, Distinguished Advokist",WAR,War of the Spark,34,normal,rare,1,44370,f346387c-2f13-472b-b5b1-968b490eb38f,0.12,false,false,near_mint,en,USD
War Screecher,WAR,War of the Spark,39,normal,common,1,44365,d2ff7868-eeb9-4292-a2f4-cac18f9ba270,0.03,false,false,near_mint,en,USD
Ignite the Beacon,WAR,War of the Spark,18,normal,rare,1,44386,4e11d6f9-0b80-4b19-ab96-23f80b66b409,0.21,false,false,near_mint,en,USD
Divine Arrow,WAR,War of the Spark,10,normal,common,1,44394,73cbb58a-1b00-4883-9b45-da7ded7317e3,0.04,false,false,near_mint,en,USD
Charmed Stray,WAR,War of the Spark,8,normal,common,4,44396,357513b9-0505-4b67-9a29-36a705a175b1,0.11,false,false,near_mint,en,USD
Makeshift Battalion,WAR,War of the Spark,22,normal,common,1,44382,82293d58-d3b4-4cf6-8a16-32ae3e509696,0.02,false,false,near_mint,en,USD
Defiant Strike,WAR,War of the Spark,9,normal,common,2,44395,dc183a40-7e15-40b1-9faa-b243401b3d10,0.02,false,false,near_mint,en,USD
Spirit,TRNA,Ravnica Allegiance Tokens,10,normal,common,1,43582,45b3bdd7-b093-4bfd-8a9a-965e72bfefb3,0.09,false,false,near_mint,en,USD
Goblin,TGRN,Guilds of Ravnica Tokens,4,normal,common,1,150,b27dc0bd-ba46-4a5c-9559-7c11eb4ec37b,0.36,false,false,near_mint,en,USD
Frog Lizard,TRNA,Ravnica Allegiance Tokens,6,normal,common,1,43586,495d3391-6311-418e-b55a-10c0af751026,0.22,false,false,near_mint,en,USD
Saproling,TDOM,Dominaria Tokens,12,normal,common,1,2280,0b425bdc-b3d5-4825-9f97-a00e2d932438,0.11,false,false,near_mint,en,USD
Sphinx of New Prahv,RNA,Ravnica Allegiance,208,normal,uncommon,4,43657,d9aec56e-50a3-491f-89c6-32907ea3161a,0.06,false,false,near_mint,en,USD
Lawmage's Binding,RNA,Ravnica Allegiance,190,normal,common,4,43675,a8a7be1f-3fba-4ff2-a4f1-aebd3d20da8f,0.03,false,false,near_mint,en,USD
Depose // Deploy,RNA,Ravnica Allegiance,225,normal,uncommon,2,43640,ab0ba4ef-9e82-4177-a80f-8fa6f6a5bd60,0.08,false,false,near_mint,en,USD
Judge's Familiar,GK2,RNA Guild Kit,14,normal,uncommon,2,44007,af4ff6fb-98a6-4776-92a6-c89a6697b23f,0.24,false,false,near_mint,en,USD
High Alert,RNA,Ravnica Allegiance,182,normal,uncommon,3,43683,ce124f6e-ef0c-4d01-a876-e34d3e445108,0.33,false,false,near_mint,en,USD
Azorius Signet,GK2,RNA Guild Kit,24,normal,uncommon,1,43997,37063666-e5e1-4ef0-ac34-2ae47b323dde,0.38,false,false,near_mint,en,USD
Azorius Locket,RNA,Ravnica Allegiance,231,normal,common,3,43634,13aed078-9e29-48e7-b145-5252362031a0,0.06,false,false,near_mint,en,USD
Conclave Tribunal,GRN,Guilds of Ravnica,6,normal,uncommon,1,477,9d9fda5d-df8f-45d6-b8f0-33f903c4bf83,0.06,false,false,near_mint,en,USD
Ministrant of Obligation,RNA,Ravnica Allegiance,16,normal,uncommon,1,43848,bf2a093a-25f0-4247-94dc-550865d86317,0.07,false,false,near_mint,en,USD
Haazda Marshal,GRN,Guilds of Ravnica,13,normal,uncommon,1,470,5c561d89-b02d-4f1a-b49a-cdf2def3404d,0.17,false,false,near_mint,en,USD
Luminous Bonds,GRN,Guilds of Ravnica,21,normal,common,1,462,5d471de4-a7b2-4e13-9492-3fa94f5867ac,0.03,false,false,near_mint,en,USD
Take Heart,GRN,Guilds of Ravnica,28,normal,common,2,455,b26f10d5-b826-45b0-abed-80d86e1335c9,0.04,false,false,near_mint,en,USD
Sworn Companions,GRN,Guilds of Ravnica,27,normal,common,1,456,2ccfa5c1-69f9-4351-aba3-883fe92c9b98,0.07,false,false,near_mint,en,USD
Blade Instructor,GRN,Guilds of Ravnica,1,normal,common,1,482,9b1c7f07-8d39-425b-8ae9-b3ab317cc0fe,0.02,false,false,near_mint,en,USD
Impassioned Orator,RNA,Ravnica Allegiance,12,normal,common,1,43852,2bd746e3-8934-4c86-894e-2cb1738b1d58,0.11,false,false,near_mint,en,USD
Healer's Hawk,GRN,Guilds of Ravnica,14,normal,common,1,469,3313bd5c-b657-47a3-822a-dd0d9165492a,0.11,false,false,near_mint,en,USD
Serra's Guardian,M19,Core Set 2019,284,normal,rare,1,1028,1a1d95b9-aa18-41e2-b972-93fda25e0b11,0.34,false,false,near_mint,en,USD
Unbreakable Formation,RNA,Ravnica Allegiance,29,normal,rare,1,43835,46cc8574-7b8c-492c-8a36-75cb0192f853,0.43,false,false,near_mint,en,USD
Stoic Ephemera,GK2,RNA Guild Kit,4,normal,uncommon,1,44017,63058b80-8b19-4077-9219-f064255d1c74,0.18,false,false,near_mint,en,USD
Azorius Justiciar,GK2,RNA Guild Kit,3,normal,uncommon,1,44018,a96314f5-eee7-4bac-bbbc-ddab3b52be9d,0.11,false,false,near_mint,en,USD